ts,model,outcome,turns,elapsed_s,writes,bashes,verifies,blocked_done,blocked_deny,input_toks,output_toks,median_tps,task
2026-05-11T21:39:13-0400,qwen3-coder:30b,max_turns,14,227.7,4,7,1,0,0,75853,1834,75,Task ID: cover-devin-model-three-layer-consistency-test (priority P2)  Title: Ve
2026-05-11T21:40:13-0400,qwen3-coder:30b,max_turns,14,59.2,2,12,1,0,0,81854,1529,74,Task ID: ci-gate-verify-counts (priority P2)  Title: Wire `make verify-counts` i
2026-05-11T22:34:30-0400,qwen3-coder:30b,done,11,28.1,2,5,1,1,0,44767,751,78,Task ID: cover-local-ai-readiness-check-surface (priority P0)  Title: Add basic 
2026-05-11T22:42:14-0400,qwen3-coder:30b,done,11,30.5,2,5,1,1,0,44767,751,77,Task ID: cover-local-ai-readiness-check-surface (priority P0)  Title: Add basic 
2026-05-11T22:44:06-0400,qwen3-coder:30b,done,6,20.8,1,3,2,0,0,22430,378,79,Task ID: cover-local-ai-readiness-check-surface (priority P0)  Title: Add basic 
2026-05-11T22:46:49-0400,qwen3-coder:30b,max_turns,14,46.7,4,7,1,1,0,63698,1254,68,Task ID: cover-local-ai-readiness-check-surface (priority P0)  Title: Add basic 
2026-05-11T22:48:18-0400,qwen3-coder:30b,max_turns,14,36.5,4,9,0,0,0,62257,1248,67,Task ID: cover-local-ai-readiness-check-surface (priority P0)  Title: Add basic 
2026-05-11T22:52:53-0400,qwen3-coder:30b,done,11,27.7,2,5,1,1,0,45028,794,75,Task ID: cover-local-ai-readiness-check-surface (priority P0)  Title: Add basic 
2026-05-11T22:55:39-0400,qwen3-coder:30b,done,11,28.4,2,5,1,1,0,45637,810,73,Task ID: cover-local-ai-readiness-check-surface (priority P0)  Title: Add basic 
2026-05-11T22:58:48-0400,qwen3-coder:30b,done,11,29.0,2,5,1,1,0,45637,810,72,Task ID: cover-local-ai-readiness-check-surface (priority P0)  Title: Add basic 
2026-05-11T23:00:05-0400,qwen3-coder:30b,max_turns,14,35.9,3,8,1,1,0,61999,1048,73,Task ID: cover-local-ai-readiness-check-surface (priority P0)  Title: Add basic 
2026-05-11T23:05:05-0400,qwen3-coder:30b,done,5,18.0,1,2,1,0,0,19094,551,74,Task ID: cover-local-ai-readiness-check-surface (priority P0)  Title: Add basic 
2026-05-11T23:08:31-0400,qwen3-coder:30b,done,5,18.5,1,2,1,0,0,19058,577,73,Task ID: cover-local-ai-record-lesson-surface (priority P0)  Title: Add basic su
2026-05-11T23:11:58-0400,qwen3-coder:30b,done,16,100.5,3,9,1,1,0,75338,1405,73,Task ID: cover-local-ai-warmup-surface (priority P0)  Title: Add surface test fo
